<?xml version="1.0" encoding="UTF-8" ?>
<!DOCTYPE html PUBLIC "-//W3C//DTD XHTML 1.0 Strict//EN" "http://www.w3.org/TR/xhtml1/DTD/xhtml1-strict.dtd">
<html expr:dir='data:blog.languageDirection' xmlns='http://www.w3.org/1999/xhtml' xmlns:b='http://www.google.com/2005/gml/b' xmlns:data='http://www.google.com/2005/gml/data' xmlns:expr='http://www.google.com/2005/gml/expr'>
  <head>
<link href='http://fonts.googleapis.com/css?family=Droid+Serif:bold' rel='stylesheet' type='text/css'/>
<link href='http://fonts.googleapis.com/css?family=Molengo' rel='stylesheet' type='text/css'/>
    <b:include data='blog' name='all-head-content'/>
    <title><data:blog.pageTitle/></title>
    <b:skin><![CDATA[/*
-----------------------------------------------
Blogger Template Style
Name:   iBusiness
Author: Klodian
URL:    www.deluxetemplates.net
Date:   January 2011

License:  This free Blogger template is licensed under the Creative Commons Attribution 3.0 License, which permits both personal and commercial use. However, to satisfy the 'attribution' clause of the license, you are required to keep the footer links intact which provides due credit to its authors. For more specific details about the license, you may visit the URL below:
http://creativecommons.org/licenses/by/3.0
----------------------------------------------- */
#navbar-iframe {
display: none !important;
}
/* Variable definitions
   ====================
   
   <Variable name="textcolor" description="Text Color"
             type="color" default="#333" value="#333333">
   <Variable name="linkcolor" description="Link Color"
             type="color" default="#36c" value="#3366cc">
   <Variable name="pagetitlecolor" description="Blog Title Color"
             type="color" default="#000" value="#000000">
   <Variable name="descriptioncolor" description="Blog Description Color"
             type="color" default="#333" value="#333333">
   <Variable name="titlecolor" description="Post Title Color"
             type="color" default="#000" value="#000000">
   <Variable name="sidebarcolor" description="Sidebar Title Color"
             type="color" default="#000" value="#000000">
   <Variable name="sidebartextcolor" description="Sidebar Text Color"
             type="color" default="#444" value="#444444">
   <Variable name="visitedlinkcolor" description="Visited Link Color"
             type="color" default="#36c" value="#3366cc">
   <Variable name="bodyfont" description="Text Font"
             type="font" default="normal normal 110% Arial, Serif" value="normal normal 110% Arial, Serif">
   <Variable name="headerfont" description="Sidebar Title Font"
             type="font"
             default="bold 120%/1.4em 'Arial',Trebuchet,Arial,Verdana,Sans-serif" value="bold 120%/1.4em 'Arial',Trebuchet,Arial,Verdana,Sans-serif">
   <Variable name="pagetitlefont" description="Blog Title Font"
             type="font"
             default="normal normal 220% Droid Serif,Serif" value="normal normal 220% Droid Serif,Serif">
   <Variable name="descriptionfont" description="Blog Description Font"
             type="font"
             default="normal normal 78% 'Droid Serif',Trebuchet,Arial,Verdana,Sans-serif" value="normal normal 78% 'Droid Serif',Trebuchet,Arial,Verdana,Sans-serif">
   <Variable name="postfooterfont" description="Post Footer Font"
             type="font"
             default="normal normal 90%/1.4em 'Arial',Trebuchet,Arial,Verdana,Sans-serif" value="normal normal 90%/1.4em 'Arial',Trebuchet,Arial,Verdana,Sans-serif">
   <Variable name="startSide" description="Side where text starts in blog language"
             type="automatic" default="left" value="left">
   <Variable name="endSide" description="Side where text ends in blog language"
             type="automatic" default="right" value="right">
*/

/* Use this with templates/template-twocol.html */

body {
    background: url("http://1.bp.blogspot.com/_rKLBTcXIDJY/TSPWqgqEmcI/AAAAAAAAAU0/lghTLtn0EBo/s000/body.png") repeat-x scroll 0 0 #99B3CD;
color:$textcolor;
    font: small Georgia Serif;
    margin: 0;
    text-align: center;
}
a:link {
color:$linkcolor;
    text-decoration: none;
}
a:visited {
color:$visitedlinkcolor;
    text-decoration: none;
}
a:hover {
    color: #5588aa;
    text-decoration: underline;
}
a img {
    border-width: 0;
}
#header-wrapper {
    background: url("http://4.bp.blogspot.com/_rKLBTcXIDJY/TSPWrGZ3NfI/AAAAAAAAAU4/wXqnkmUHG2s/s000/header.png") no-repeat scroll right top transparent;
    height: 111px;
    margin: 0 auto;
    width: 967px;
}
#header-inner {
    background: url("http://3.bp.blogspot.com/_rKLBTcXIDJY/TSPWrb0Ly2I/AAAAAAAAAU8/txRL3CaFPXM/s000/1294051049_currency_dollar%252Bgreen.png") no-repeat scroll 14px 35px transparent;
    height: 110px;
    margin-left: auto;
    margin-right: auto;
}
#header {
color:$pagetitlecolor;
    text-align: left;
}
#header h1 {
font:$pagetitlefont;
    letter-spacing: 0;
    margin: 0;
    padding: 29px 69px 4px;
    text-transform: none;
}
#header a {
color:$pagetitlecolor;
    text-decoration: none;
}
#header a:hover {
    color: #333333;
}
#header .description {
     font: $descriptionfont;
color: $descriptioncolor;
    letter-spacing: 0.2em;
    margin: 0 5px 5px;
    max-width: 700px;
    padding: 0 69px 15px;
    text-transform: uppercase;
}
#header img {
    margin-left: auto;
    margin-right: auto;
}
#outer-wrapper {
    font:$bodyfont;
    margin: 6px auto 0;
    text-align: left;
    width: 967px;
}
#main-wrapper {
    float: left;
    margin-left: 0;
    margin-top: 9px;
    overflow: hidden;
    padding-left: 15px;
    width: 607px;
    word-wrap: break-word;
}
#sidebar-wrapper {
    float: right;
    margin-right: 12px;
    margin-top: 10px;
    overflow: hidden;
    width: 321px;
    word-wrap: break-word;
}
h2 {
    border-bottom: 2px solid #000000;
    font:$headerfont;
    color:$sidebarcolor;
    letter-spacing: 0;
    margin: 0;
    padding: 0;
    text-align: left;
    text-shadow: 0 1px 0 #FFFFFF;
    text-transform: none;
}
h2.date-header {
    background: none repeat scroll 0 0 transparent;
    color: #333333;
    font: 12px arial;
    letter-spacing: 0;
    margin: 0;
    padding: 0;
    text-align: left;
    text-shadow: none;
    text-transform: none;
}
.post {
    margin: 0.5em 0 1.5em;
    padding-bottom: 1.5em;
}
.post h3 {
    background: url("http://3.bp.blogspot.com/_rKLBTcXIDJY/TSPWrkv22lI/AAAAAAAAAVA/YrHiCEy34RY/s000/dollar.png") no-repeat scroll 0 5px transparent;
    color:$titlecolor;
    font-size: 170%;
    font-weight: normal;
    line-height: 1.4em;
    margin: 0.25em 0 0;
    padding: 0 0 4px 28px;
}
.post h3 a, .post h3 a:visited, .post h3 strong {
    color:$titlecolor;
    display: block;
    font-weight: bold;
    text-decoration: none;
}
.post h3 strong, .post h3 a:hover {
    color: #333333;
}
.post-body {
    line-height: 1.6em;
    margin: 0 0 0.75em;
}
.post-body blockquote {
    line-height: 1.3em;
}
.post-footer {
    background: url("http://4.bp.blogspot.com/_rKLBTcXIDJY/TSPWsaqqJVI/AAAAAAAAAVE/v7QOPeZrzZM/s000/main-bg.png") repeat-x scroll left 1px #FFFFFF;
    border: 1px solid #E9E9E9;
    color: #000000;
    font:$postfooterfont;
    letter-spacing: 0;
    margin: 0;
    padding: 10px;
    text-transform: none;
}
.comment-link {
    margin-left: 0.6em;
}
.post img, table.tr-caption-container {
    border: 4px solid #EEEEEE;
}
.tr-caption-container img {
    border: medium none;
    padding: 0;
}
.post blockquote {
    font: italic 13px georgia;
    margin: 1em 20px;
}
.post blockquote p {
    margin: 0.75em 0;
}
#comments h4 {
    color: #666666;
    font-size: 14px;
    font-weight: bold;
    letter-spacing: 0;
    line-height: 1.4em;
    margin: 1em 0;
    text-transform: none;
}
#comments-block {
    line-height: 1.6em;
    margin: 1em 0 1.5em;
}
#comments-block .comment-author {
    -moz-background-inline-policy: continuous;
    background: none repeat scroll 0 0 #D9E2EB;
    border: 1px solid #D9E2EB;
    font-size: 15px;
    font-weight: normal;
    margin-right: 20px;
    padding: 5px;
}
#comments .blogger-comment-icon, .blogger-comment-icon {
    -moz-background-inline-policy: continuous;
    background: none repeat scroll 0 0 #E8DEC4;
    border-color: #E8DEC4;
    border-style: solid;
    border-width: 2px 1px 1px;
    line-height: 16px;
    padding: 5px;
}
#comments-block .comment-body {
    border-left: 1px solid #D9E2EB;
    border-right: 1px solid #D9E2EB;
    margin-left: 0;
    margin-right: 20px;
    padding: 7px;
}
#comments-block .comment-footer {
    border-bottom: 1px solid #D9E2EB;
    border-left: 1px solid #D9E2EB;
    border-right: 1px solid #D9E2EB;
    font-size: 11px;
    line-height: 1.4em;
    margin: -0.25em 20px 2em 0;
    padding: 5px;
    text-transform: none;
}
#comments-block .comment-body p {
    margin: 0 0 0.75em;
}
.deleted-comment {
    color: gray;
    font-style: italic;
}
#blog-pager-newer-link {
    background: none repeat scroll 0 0 #EEEEEE;
    float: left;
    padding: 10px;
}
#blog-pager-older-link {
    background: none repeat scroll 0 0 #EEEEEE;
    float: right;
    padding: 10px;
}
#blog-pager {
    text-align: center;
}
.feed-links {
    clear: both;
    line-height: 2.5em;
}
.sidebar {
color:$sidebartextcolor;
    line-height: 1.5em;
}
.sidebar ul {
    list-style: none outside none;
    margin: 0;
    padding: 0;
}
.sidebar li {
    border-bottom: 1px dotted #999999;
    line-height: 1.5em;
    margin: 0;
    padding: 2px;
}
.sidebar .widget, .main .widget {
    margin: 0 0 1.5em;
    padding: 0;
}
.main .Blog {
    border-bottom-width: 0;
}
.profile-img {
    border: 1px solid #CCCCCC;
    float: left;
    margin: 0 5px 5px 0;
    padding: 4px;
}
.profile-data {
    color: #999999;
    font: bold 78%/1.6em 'Trebuchet MS',Trebuchet,Arial,Verdana,Sans-serif;
    letter-spacing: 0.1em;
    margin: 0;
    text-transform: uppercase;
}
.profile-datablock {
    margin: 0.5em 0;
}
.profile-textblock {
    line-height: 1.6em;
    margin: 0.5em 0;
}
.profile-link {
    font: 78% 'Trebuchet MS',Trebuchet,Arial,Verdana,Sans-serif;
    letter-spacing: 0.1em;
    text-transform: uppercase;
}
#footer {
    background: url("http://2.bp.blogspot.com/_rKLBTcXIDJY/TSPWs36lQmI/AAAAAAAAAVI/tkjM1iCQkCw/s000/footer.png") no-repeat scroll 0 0 transparent;
    clear: both;
    color: #000000;
    font: 12px arial;
    letter-spacing: 0;
    margin: 0 auto;
    padding-bottom: 20px;
    padding-top: 35px;
    text-align: center;
    text-transform: none;
    width: 967px;
}
.feed-links {
    display: none;
}
#Attribution1 {
    display: none;
}
body#layout #footer {
    display: none;
}
body#layout #addthis_toolbox {
    display: none;
}
body#layout #crosscol-wrapper {
    display: none;
}
body#layout #searchbox {
    display: none;
}
body#layout #Header1 {
    float: left;
    width: 800px;
}
body#layout #HTML1 {
    float: right;
    width: 300px;
}
.post-share-buttons {
}
#sidebar-wrapper .sidebar .widget {
    background: url("http://4.bp.blogspot.com/_rKLBTcXIDJY/TSPWsaqqJVI/AAAAAAAAAVE/v7QOPeZrzZM/s000/main-bg.png") repeat-x scroll left 1px #FFFFFF;
    border: 1px solid #E9E9E9;
    margin-bottom: 10px;
    padding: 10px;
}
#sidebar-wrapper .widget-content {
    padding: 0;
}
#footer-bg {
}
.first-links {
    margin-bottom: 5px;
}
.second-links {
    font-size: 10px;
}
#footer a {
    color: #000000;
}
#content-wrapper {
    background: url("http://1.bp.blogspot.com/_rKLBTcXIDJY/TSPWs_6J_gI/AAAAAAAAAVM/RbzuQFfLtzo/s000/content.png") repeat-y scroll 0 0 transparent;
}
#PageList1 {
    background: url("http://2.bp.blogspot.com/_rKLBTcXIDJY/TSPWtMbRCWI/AAAAAAAAAVQ/yNKaZmgJvRA/s000/menu.png") no-repeat scroll 0 0 transparent;
    height: 37px;
    margin-left: 0;
    padding-left: 15px;
}
body#layout #ads-header {
    display: none;
}
#ads-header {
    display: none;
    height: 60px;
    margin-left: 460px;
    margin-top: -24px;
    width: 468px;
}
#wrapper {
}
.PageList li a {
    border-right: 1px solid #395861;
    color: #FFFFFF;
    font: bold 12px arial;
    padding: 12px 21px 11px;
    text-transform: uppercase;
}
.crosscol .PageList li, .footer .PageList li {
    background: none repeat scroll 0 0 transparent;
    float: left;
    list-style: none outside none;
    margin: 0;
    padding: 10px 0;
}
.PageList li.selected a {
    background: url("http://3.bp.blogspot.com/_rKLBTcXIDJY/TSPWtbjIehI/AAAAAAAAAVU/6MKPbpT4-C4/s000/tab.png") repeat-x scroll 0 0 transparent;
    font-weight: bold;
    text-decoration: none;
}
.PageList li a:hover {
    background: url("http://3.bp.blogspot.com/_rKLBTcXIDJY/TSPWtbjIehI/AAAAAAAAAVU/6MKPbpT4-C4/s000/tab.png") repeat-x scroll 0 0 transparent;
    font-weight: bold;
    text-decoration: none;
}
#slider-k {
}
#s3slider {
    background: none repeat scroll 0 0 #FFFFFF;
    border: 1px solid #000000;
    height: 300px;
    margin-bottom: 10px;
    margin-top: 0;
    overflow: hidden;
    position: relative;
    width: 605px;
}
#s3sliderContent {
    background: none repeat scroll 0 0 #FFFFFF;
    height: 300px;
    list-style: none outside none;
    margin-left: 0;
    overflow: hidden;
    padding: 0;
    position: absolute;
    top: -15px;
    width: 605px;
}
.s3sliderImage {
    display: none;
    float: left;
    position: relative;
}
.s3sliderImage span {
    background-color: #000000;
    color: #FFFFFF;
    display: none;
    font-size: 12px;
    height: 300px;
    opacity: 0.7;
    overflow: hidden;
    padding: 10px 13px;
    position: absolute;
    right: 0;
    top: 0;
    width: 175px;
}
.s3sliderImage strong a {
    font-family: 'Myriad Pro',Helvetica,Arial,Sans-Serif;
    font-size: 20px;
}
#HTML101 h2 {
    display: none;
}
h2.date-header {
    border: medium none;
    color: #333333;
    font: 12px Arial;
    letter-spacing: 0;
    margin: 0 0 5px;
    padding-left: 20px;
    text-align: right;
    text-shadow: none;
    text-transform: none;
}
.post-author {
    background: url("http://2.bp.blogspot.com/_rKLBTcXIDJY/TSPWtrg1FbI/AAAAAAAAAVY/y6xnjUMKcFM/s000/aaa.png") no-repeat scroll 0 0 transparent;
    padding-left: 20px;
}
.post-comment-link a {
    background: url("http://4.bp.blogspot.com/_rKLBTcXIDJY/TSPWtxYcq8I/AAAAAAAAAVc/z8RQAVna56U/s000/1276328597_comment.png") no-repeat scroll left center transparent;
    padding-left: 20px;
}
.post-labels {
    background: url("http://4.bp.blogspot.com/_rKLBTcXIDJY/TSPWuC07o-I/AAAAAAAAAVg/DbsYZ1HJuRo/s000/1276330011_tags.png") no-repeat scroll left center transparent;
    padding-left: 20px;
}
#searchbox {
    -moz-background-inline-policy: continuous;
    float: right;
    height: 25px;
    margin-right: 7px;
    margin-top: -32px;
    width: 228px;
}
#searchbox .textfield {
    -moz-background-inline-policy: continuous;
    background: none repeat scroll 0 0 transparent;
    border: 0 none;
    float: left;
    height: 20px;
    margin: 2px 1px 2px 5px;
    width: 190px;
}
#searchbox .button {
    -moz-background-inline-policy: continuous;
    background: none repeat scroll 0 0 transparent;
    border: 0 none;
    cursor: pointer;
    float: left;
    height: 30px;
    margin-left: 2px;
    margin-top: 0;
    width: 30px;
}
.col-left {
    float: left;
    width: 49%;
}
.col-right {
    float: right;
    width: 48%;
}


]]></b:skin>

<script src='https://ajax.googleapis.com/ajax/libs/jquery/1.4.4/jquery.min.js' type='text/javascript'/>

<script type='text/javascript'>
//<![CDATA[
/* ------------------------------------------------------------------------
	s3Slider
	
	Developped By: Boban KariÅ¡ik -> http://www.serie3.info/
        CSS Help: MÃ©szÃ¡ros RÃ³bert -> http://www.perspectived.com/
	Version: 1.0
	
	Copyright: Feel free to redistribute the script/modify it, as
			   long as you leave my infos at the top.
-------------------------------------------------------------------------- */


(function($){  

    $.fn.s3Slider = function(vars) {       
        
        var element     = this;
        var timeOut     = (vars.timeOut != undefined) ? vars.timeOut : 4000;
        var current     = null;
        var timeOutFn   = null;
        var faderStat   = true;
        var mOver       = false;
        var items       = $("#" + element[0].id + "Content ." + element[0].id + "Image");
        var itemsSpan   = $("#" + element[0].id + "Content ." + element[0].id + "Image span");
            
        items.each(function(i) {
    
            $(items[i]).mouseover(function() {
               mOver = true;
            });
            
            $(items[i]).mouseout(function() {
                mOver   = false;
                fadeElement(true);
            });
            
        });
        
        var fadeElement = function(isMouseOut) {
            var thisTimeOut = (isMouseOut) ? (timeOut/2) : timeOut;
            thisTimeOut = (faderStat) ? 10 : thisTimeOut;
            if(items.length > 0) {
                timeOutFn = setTimeout(makeSlider, thisTimeOut);
            } else {
                console.log("Poof..");
            }
        }
        
        var makeSlider = function() {
            current = (current != null) ? current : items[(items.length-1)];
            var currNo      = jQuery.inArray(current, items) + 1
            currNo = (currNo == items.length) ? 0 : (currNo - 1);
            var newMargin   = $(element).width() * currNo;
            if(faderStat == true) {
                if(!mOver) {
                    $(items[currNo]).fadeIn((timeOut/6), function() {
                        if($(itemsSpan[currNo]).css('bottom') == 0) {
                            $(itemsSpan[currNo]).slideUp((timeOut/6), function() {
                                faderStat = false;
                                current = items[currNo];
                                if(!mOver) {
                                    fadeElement(false);
                                }
                            });
                        } else {
                            $(itemsSpan[currNo]).slideDown((timeOut/6), function() {
                                faderStat = false;
                                current = items[currNo];
                                if(!mOver) {
                                    fadeElement(false);
                                }
                            });
                        }
                    });
                }
            } else {
                if(!mOver) {
                    if($(itemsSpan[currNo]).css('bottom') == 0) {
                        $(itemsSpan[currNo]).slideDown((timeOut/6), function() {
                            $(items[currNo]).fadeOut((timeOut/6), function() {
                                faderStat = true;
                                current = items[(currNo+1)];
                                if(!mOver) {
                                    fadeElement(false);
                                }
                            });
                        });
                    } else {
                        $(itemsSpan[currNo]).slideUp((timeOut/6), function() {
                        $(items[currNo]).fadeOut((timeOut/6), function() {
                                faderStat = true;
                                current = items[(currNo+1)];
                                if(!mOver) {
                                    fadeElement(false);
                                }
                            });
                        });
                    }
                }
            }
        }
        
        makeSlider();

    };  

})(jQuery);  
//]]>
</script>
<script type='text/javascript'>
$(document).ready(function() {
$(&#39;#s3slider&#39;).s3Slider({
timeOut: 4000
});
});
</script>
  </head>

  <body>
<div id='wrapper'>
  <div id='outer-wrapper'><div id='wrap2'>

    <!-- skip links for text browsers -->
    <span id='skiplinks' style='display:none;'>
      <a href='#main'>skip to main </a> |
      <a href='#sidebar'>skip to sidebar</a>
    </span>

    <div id='header-wrapper'>
      <b:section class='header' id='header' maxwidgets='1' showaddelement='no'>
<b:widget id='Header1' locked='true' title='tematematema (Cabeçalho)' type='Header'>
<b:includable id='title'>
  <b:if cond='data:blog.url == data:blog.homepageUrl'>
    <data:title/>
  <b:else/>
    <a expr:href='data:blog.homepageUrl'><data:title/></a>
  </b:if>
</b:includable>
<b:includable id='description'>
  <div class='descriptionwrapper'>
    <p class='description'><span><data:description/></span></p>
  </div>
</b:includable>
<b:includable id='main'>

  <b:if cond='data:useImage'>
    <b:if cond='data:imagePlacement == &quot;REPLACE&quot;'>
      <!--Show just the image, no text-->
      <div id='header-inner'>
        <a expr:href='data:blog.homepageUrl' style='display: block'>
          <img expr:alt='data:title' expr:height='data:height' expr:id='data:widget.instanceId + &quot;_headerimg&quot;' expr:src='data:sourceUrl' expr:width='data:width' style='display: block'/>
        </a>
      </div>
    <b:else/>
      <!--
      Show image as background to text. You can't really calculate the width
      reliably in JS because margins are not taken into account by any of
      clientWidth, offsetWidth or scrollWidth, so we don't force a minimum
      width if the user is using shrink to fit.
      This results in a margin-width's worth of pixels being cropped. If the
      user is not using shrink to fit then we expand the header.
      -->
      <div expr:style='&quot;background-image: url(\&quot;&quot; + data:sourceUrl + &quot;\&quot;); &quot;                      + &quot;background-position: &quot;                      + data:backgroundPositionStyleStr + &quot;; &quot;                      + data:widthStyleStr                      + &quot;min-height: &quot; + data:height + &quot;px;&quot;                      + &quot;_height: &quot; + data:height + &quot;px;&quot;                      + &quot;background-repeat: no-repeat; &quot;' id='header-inner'>
        <div class='titlewrapper' style='background: transparent'>
          <h1 class='title' style='background: transparent; border-width: 0px'>
            <b:include name='title'/>
          </h1>
        </div>
        <b:include name='description'/>
      </div>
    </b:if>
  <b:else/>
    <!--No header image -->
    <div id='header-inner'>
      <div class='titlewrapper'>
        <h1 class='title'>
          <b:include name='title'/>
        </h1>
      </div>
      <b:include name='description'/>
    </div>
  </b:if>
</b:includable>
</b:widget>
</b:section>
<b:section class='ads-header' id='ads-header' showaddelement='no'>
<b:widget id='HTML1' locked='false' title='300 x 250 Ad Space' type='HTML'>
<b:includable id='main'>
  <!-- only display title if it's non-empty -->
  <b:if cond='data:title != &quot;&quot;'>
    <h2 class='title'><data:title/></h2>
  </b:if>
  <div class='widget-content'>
    <data:content/>
  </div>

  <b:include name='quickedit'/>
</b:includable>
</b:widget>
</b:section>
    </div>
  <div id='crosscol-wrapper' style='text-align:center'>
        <b:section class='crosscol' id='crosscol'>
<b:widget id='PageList1' locked='false' title='Pages' type='PageList'>
<b:includable id='main'>
  <b:if cond='data:title'><h2><data:title/></h2></b:if>
  <div class='widget-content'>
    <ul>
      <b:loop values='data:links' var='link'>
        <b:if cond='data:link.isCurrentPage'>
          <li class='selected'><a expr:href='data:link.href'><data:link.title/></a></li>
        <b:else/>
          <li><a expr:href='data:link.href'><data:link.title/></a></li>
        </b:if>
      </b:loop>
    </ul>
    <b:include name='quickedit'/>
  </div>
</b:includable>
</b:widget>
</b:section> <div id='searchbox'>
<form action='/search' id='searchthis' method='get'>
<div class='content'>
<input class='textfield' name='q' size='24' type='text' value=''/>
<input class='button' type='submit' value=''/>
</div>
</form>
</div>
      </div>

    <div id='content-wrapper'>

     
      <div id='main-wrapper'>
<b:if cond='data:blog.url == data:blog.homepageUrl'> 
<b:section class='slider-k' id='slider-k' showaddelement='no'>
<b:widget id='HTML101' locked='true' title='Slidershow' type='HTML'>
<b:includable id='main'>
  <!-- only display title if it's non-empty -->
  <b:if cond='data:title != &quot;&quot;'>
    <h2 class='title'><data:title/></h2>
  </b:if>
  <div class='widget-content'>
    <data:content/>
  </div>

  <b:include name='quickedit'/>
</b:includable>
</b:widget>
</b:section></b:if> 
        <b:section class='main' id='main' showaddelement='no'>
<b:widget id='Blog1' locked='true' title='Postagens no blog' type='Blog'>
<b:includable id='nextprev'>
  <div class='blog-pager' id='blog-pager'>
    <b:if cond='data:newerPageUrl'>
      <span id='blog-pager-newer-link'>
      <a class='blog-pager-newer-link' expr:href='data:newerPageUrl' expr:id='data:widget.instanceId + &quot;_blog-pager-newer-link&quot;' expr:title='data:newerPageTitle'><data:newerPageTitle/></a>
      </span>
    </b:if>

    <b:if cond='data:olderPageUrl'>
      <span id='blog-pager-older-link'>
      <a class='blog-pager-older-link' expr:href='data:olderPageUrl' expr:id='data:widget.instanceId + &quot;_blog-pager-older-link&quot;' expr:title='data:olderPageTitle'><data:olderPageTitle/></a>
      </span>
    </b:if>

    <b:if cond='data:blog.homepageUrl != data:blog.url'>
      <a class='home-link' expr:href='data:blog.homepageUrl'><data:homeMsg/></a>
      <b:else/>
      <b:if cond='data:newerPageUrl'>
        <a class='home-link' expr:href='data:blog.homepageUrl'><data:homeMsg/></a>
      </b:if>
    </b:if>

  </div>
  <div class='clear'/>
</b:includable>
<b:includable id='shareButtons' var='post'>
  <b:if cond='data:post.sharePostUrl'>
      <a class='share-button sb-email' expr:href='data:post.sharePostUrl + &quot;&amp;target=email&quot;' expr:title='data:top.emailThisMsg' target='_blank'>
        <span class='share-button-link-text'><data:top.emailThisMsg/></span></a>
      <a class='share-button sb-blog' expr:href='data:post.sharePostUrl + &quot;&amp;target=blog&quot;' expr:onclick='&quot;window.open(this.href, \&quot;_blank\&quot;, \&quot;height=270,width=475\&quot;); return false;&quot;' expr:title='data:top.blogThisMsg' target='_blank'>
        <span class='share-button-link-text'><data:top.blogThisMsg/></span></a>
      <a class='share-button sb-twitter' expr:href='data:post.sharePostUrl + &quot;&amp;target=twitter&quot;' expr:title='data:top.shareToTwitterMsg' target='_blank'>
        <span class='share-button-link-text'><data:top.shareToTwitterMsg/></span></a>
      <a class='share-button sb-facebook' expr:href='data:post.sharePostUrl + &quot;&amp;target=facebook&quot;' expr:onclick='&quot;window.open(this.href, \&quot;_blank\&quot;, \&quot;height=430,width=640\&quot;); return false;&quot;' expr:title='data:top.shareToFacebookMsg' target='_blank'>
        <span class='share-button-link-text'><data:top.shareToFacebookMsg/></span></a>
      <a class='share-button sb-buzz' expr:href='data:post.sharePostUrl + &quot;&amp;target=buzz&quot;' expr:onclick='&quot;window.open(this.href, \&quot;_blank\&quot;, \&quot;height=415,width=690\&quot;); return false;&quot;' expr:title='data:top.shareToBuzzMsg' target='_blank'>
        <span class='share-button-link-text'><data:top.shareToBuzzMsg/></span></a>
  </b:if>
</b:includable>
<b:includable id='backlinks' var='post'>
  <a name='links'/><h4><data:post.backlinksLabel/></h4>
  <b:if cond='data:post.numBacklinks != 0'>
    <dl class='comments-block' id='comments-block'>
      <b:loop values='data:post.backlinks' var='backlink'>
        <div class='collapsed-backlink backlink-control'>
          <dt class='comment-title'>
            <span class='backlink-toggle-zippy'>&#160;</span>
            <a expr:href='data:backlink.url' rel='nofollow'><data:backlink.title/></a>
            <b:include data='backlink' name='backlinkDeleteIcon'/>
          </dt>
          <dd class='comment-body collapseable'>
            <data:backlink.snippet/>
          </dd>
          <dd class='comment-footer collapseable'>
            <span class='comment-author'><data:post.authorLabel/> <data:backlink.author/></span>
            <span class='comment-timestamp'><data:post.timestampLabel/> <data:backlink.timestamp/></span>
          </dd>
        </div>
      </b:loop>
    </dl>
  </b:if>
  <p class='comment-footer'>
    <a class='comment-link' expr:href='data:post.createLinkUrl' expr:id='data:widget.instanceId + &quot;_backlinks-create-link&quot;' target='_blank'><data:post.createLinkLabel/></a>
  </p>
</b:includable>
<b:includable id='post' var='post'>
  <div class='post hentry uncustomized-post-template'>
    <a expr:name='data:post.id'/>
    <b:if cond='data:post.title'>
      <h3 class='post-title entry-title'>
     <b:if cond='data:post.link'>
       <a expr:href='data:post.link'><data:post.title/></a>
     <b:else/>
        <b:if cond='data:post.url'>
          <a expr:href='data:post.url'><data:post.title/></a>
        <b:else/>
          <data:post.title/>
        </b:if>
     </b:if>
      </h3>
    </b:if>

    <div class='post-header-line-1'/>

    <div class='post-body entry-content'>
      <data:post.body/>
      <div style='clear: both;'/> <!-- clear for photos floats -->
    </div>
  
    <b:if cond='data:post.hasJumpLink'>
      <div class='jump-link'>
        <a expr:href='data:post.url + &quot;#more&quot;' expr:title='data:post.title'><data:post.jumpText/></a>  
      </div>
    </b:if>
    
    <div class='post-footer'>
    <div class='post-footer-line post-footer-line-1'>
      <span class='post-author vcard'>
        <b:if cond='data:top.showAuthor'>
          <data:top.authorLabel/>
          <span class='fn'><data:post.author/></span>
        </b:if>
      </span>

      <span class='post-timestamp'>
        <b:if cond='data:top.showTimestamp'>
          <data:top.timestampLabel/>
        <b:if cond='data:post.url'>
          <a class='timestamp-link' expr:href='data:post.url' rel='bookmark' title='permanent link'><abbr class='published' expr:title='data:post.timestampISO8601'><data:post.timestamp/></abbr></a>
        </b:if>
        </b:if>
      </span>
  
      <span class='reaction-buttons'>
        <b:if cond='data:top.showReactions'>
          <table border='0' cellpadding='0' cellspacing='0' width='100%'><tr>
            <td class='reactions-label-cell' nowrap='nowrap' valign='top' width='1%'>
              <span class='reactions-label'>
              <data:top.reactionsLabel/></span>&#160;</td>
            <td><iframe allowtransparency='true' class='reactions-iframe' expr:src='data:post.reactionsUrl' frameborder='0' name='reactions' scrolling='no'/></td>
           </tr></table>
        </b:if>
      </span>

      <span class='star-ratings'>
        <b:if cond='data:top.showStars'>
           <div expr:g:background-color='data:backgroundColor' expr:g:text-color='data:textColor' expr:g:url='data:post.absoluteUrl' g:height='42' g:type='RatingPanel' g:width='280'/>
        </b:if>
      </span>

      <span class='post-comment-link'>
        <b:if cond='data:blog.pageType != &quot;item&quot;'>
          <b:if cond='data:post.allowComments'>
            <a class='comment-link' expr:href='data:post.addCommentUrl' expr:onclick='data:post.addCommentOnclick'><b:if cond='data:post.numComments == 1'>1 <data:top.commentLabel/><b:else/><data:post.numComments/> <data:top.commentLabelPlural/></b:if></a>
          </b:if>
        </b:if>
      </span>

       <!-- backlinks -->
       <span class='post-backlinks post-comment-link'>
         <b:if cond='data:blog.pageType != &quot;item&quot;'>
           <b:if cond='data:post.showBacklinks'>
             <a class='comment-link' expr:href='data:post.url + &quot;#links&quot;'><data:top.backlinkLabel/></a>
           </b:if>
         </b:if>
       </span>

      <span class='post-icons'>
        <!-- email post links -->
        <b:if cond='data:post.emailPostUrl'>
          <span class='item-action'>
          <a expr:href='data:post.emailPostUrl' expr:title='data:top.emailPostMsg'>
              <img alt='' class='icon-action' height='13' src='http://www.blogger.com/img/icon18_email.gif' width='18'/>
          </a>
          </span>
        </b:if>
<span class='post-share-buttons'>
<b:include data='post' name='shareButtons'/>
</span>
        <!-- quickedit pencil -->
        <b:include data='post' name='postQuickEdit'/>
      </span>
      </div>

      <div class='post-footer-line post-footer-line-2'>
      <span class='post-labels'>
        <b:if cond='data:post.labels'>
          <data:postLabelsLabel/>
          <b:loop values='data:post.labels' var='label'>
            <a expr:href='data:label.url' rel='tag'><data:label.name/></a><b:if cond='data:label.isLast != &quot;true&quot;'>,</b:if>
          </b:loop>
        </b:if>
      </span>
      </div>

      <div class='post-footer-line post-footer-line-3'>
      <span class='post-location'>
        <b:if cond='data:top.showLocation'>
          <b:if cond='data:post.location'>
            <data:postLocationLabel/>
            <a expr:href='data:post.location.mapsUrl' target='_blank'><data:post.location.name/></a>
          </b:if>
        </b:if>
      </span>
      </div>
    </div>
  </div>
</b:includable>
<b:includable id='status-message'>
  <b:if cond='data:navMessage'>
  <div class='status-msg-wrap'>
    <div class='status-msg-body'>
      <data:navMessage/>
    </div>
    <div class='status-msg-border'>
      <div class='status-msg-bg'>
        <div class='status-msg-hidden'><data:navMessage/></div>
      </div>
    </div>
  </div>
  <div style='clear: both;'/>
  </b:if>
</b:includable>
<b:includable id='comment-form' var='post'>
  <div class='comment-form'>
    <a name='comment-form'/>
    <h4 id='comment-post-message'><data:postCommentMsg/></h4>
    <p><data:blogCommentMessage/></p>
    <data:blogTeamBlogMessage/>
    <a expr:href='data:post.commentFormIframeSrc' id='comment-editor-src'/>
    <iframe allowtransparency='true' class='blogger-iframe-colorize blogger-comment-from-post' frameborder='0' height='410' id='comment-editor' name='comment-editor' src='' width='100%'/>
    <data:post.friendConnectJs/>
    <data:post.cmtfpIframe/>
    <script type='text/javascript'>
      BLOG_CMT_createIframe(&#39;<data:post.appRpcRelayPath/>&#39;, &#39;<data:post.communityId/>&#39;);
    </script>
  </div>
</b:includable>
<b:includable id='backlinkDeleteIcon' var='backlink'>
  <span expr:class='&quot;item-control &quot; + data:backlink.adminClass'>
    <a expr:href='data:backlink.deleteUrl' expr:title='data:top.deleteBacklinkMsg'>
      <img src='http://www.blogger.com/img/icon_delete13.gif'/>
    </a>
  </span>
</b:includable>
<b:includable id='mobile-nextprev'>
  <div class='blog-pager' id='blog-pager'>
    <b:if cond='data:newerPageUrl'>
      <div class='mobile-link-button' id='blog-pager-newer-link'>
      <a class='blog-pager-newer-link' expr:href='data:newerPageUrl' expr:id='data:widget.instanceId + &quot;_blog-pager-newer-link&quot;' expr:title='data:newerPageTitle'><data:newerPageTitle/></a>
      </div>
    </b:if>

    <b:if cond='data:olderPageUrl'>
      <div class='mobile-link-button' id='blog-pager-older-link'>
      <a class='blog-pager-older-link' expr:href='data:olderPageUrl' expr:id='data:widget.instanceId + &quot;_blog-pager-older-link&quot;' expr:title='data:olderPageTitle'><data:olderPageTitle/></a>
      </div>
    </b:if>

    <div class='mobile-link-button' id='blog-pager-home-link'>
    <a class='home-link' expr:href='data:blog.homepageUrl'><data:homeMsg/></a>
    </div>

    <div class='mobile-desktop-link'>
      <a class='home-link' expr:href='data:desktopLinkUrl'><data:desktopLinkMsg/></a>
    </div>

  </div>
  <div class='clear'/>
</b:includable>
<b:includable id='postQuickEdit' var='post'>
  <b:if cond='data:post.editUrl'>
    <span expr:class='&quot;item-control &quot; + data:post.adminClass'>
      <a expr:href='data:post.editUrl' expr:title='data:top.editPostMsg'>
        <img alt='' class='icon-action' height='18' src='http://www.blogger.com/img/icon18_edit_allbkg.gif' width='18'/>
      </a>
    </span>
  </b:if>
</b:includable>
<b:includable id='main' var='top'>
  <!-- posts -->
  <div class='blog-posts hfeed'>

    <b:include data='top' name='status-message'/>

    <data:defaultAdStart/>
    <b:loop values='data:posts' var='post'>
      <b:if cond='data:post.dateHeader'>
        <h2 class='date-header'><data:post.dateHeader/></h2>
      </b:if>
      <b:include data='post' name='post'/>
      <b:if cond='data:blog.pageType == &quot;static_page&quot;'>
        <b:include data='post' name='comments'/>
      </b:if>
      <b:if cond='data:blog.pageType == &quot;item&quot;'>
        <b:include data='post' name='comments'/>
      </b:if>
      <b:if cond='data:post.includeAd'>
        <b:if cond='data:post.isFirstPost'>
          <data:defaultAdEnd/>
        <b:else/>
          <data:adEnd/>
        </b:if>
        <div class='inline-ad'>
          <data:adCode/>
        </div>
        <data:adStart/>
      </b:if>
      <b:if cond='data:post.trackLatency'>
        <data:post.latencyJs/>
      </b:if>
    </b:loop>
    <data:adEnd/>
  </div>

  <!-- navigation -->
  <b:include name='nextprev'/>


  
  <b:if cond='data:top.showStars'>
    <script src='http://www.google.com/jsapi' type='text/javascript'/>
    <script type='text/javascript'>
      google.load(&quot;annotations&quot;, &quot;1&quot;, {&quot;locale&quot;: &quot;<data:top.languageCode/>&quot;});
      function initialize() {
        google.annotations.setApplicationId(<data:top.blogspotReviews/>);
        google.annotations.createAll();
        google.annotations.fetch();
      }
      google.setOnLoadCallback(initialize);
    </script>
  </b:if>
</b:includable>
<b:includable id='commentDeleteIcon' var='comment'>
  <span expr:class='&quot;item-control &quot; + data:comment.adminClass'>
    <a expr:href='data:comment.deleteUrl' expr:title='data:top.deleteCommentMsg'>
      <img src='http://www.blogger.com/img/icon_delete13.gif'/>
    </a>
  </span>
</b:includable>
<b:includable id='feedLinks'>
  <b:if cond='data:blog.pageType != &quot;item&quot;'> <!-- Blog feed links -->
    <b:if cond='data:feedLinks'>
      <div class='blog-feeds'>
        <b:include data='feedLinks' name='feedLinksBody'/>
      </div>
    </b:if>

    <b:else/> <!--Post feed links -->
    <div class='post-feeds'>
      <b:loop values='data:posts' var='post'>
        <b:if cond='data:post.allowComments'>
          <b:if cond='data:post.feedLinks'>
            <b:include data='post.feedLinks' name='feedLinksBody'/>
          </b:if>
        </b:if>
      </b:loop>
    </div>
  </b:if>
</b:includable>
<b:includable id='mobile-index-post' var='post'>
  <b:if cond='data:post.dateHeader'>
    <div class='mobile-index-date'>
      <div class='date-header'>
        <span><data:post.dateHeader/></span>
      </div>
    </div>
  </b:if>

  <div class='mobile-post-outer'>
    <div class='mobile-index-title-outer'>
      <h3 class='mobile-index-title entry-title'>
        <a href='javascript:void(0)'><data:post.title/></a>
      </h3>
    </div>

    <div>
      <div class='mobile-index-arrow'>
        <a href='javascript:void(0)'>&amp;rsaquo;</a>
      </div>

      <div class='mobile-post-contents'>
        <b:if cond='data:post.thumbnailUrl'>
          <div class='mobile-index-thumbnail'>
            <div class='Image'>
              <img expr:src='data:post.thumbnailUrl'/>
            </div>
          </div>
        </b:if>

        <div class='post-body'>
          <b:if cond='data:post.snippet'><data:post.snippet/></b:if>
        </div>
      </div>
      <div style='clear: both;'/>
    </div>

    <div class='mobile-index-comment'>
      <b:if cond='data:blog.pageType != &quot;item&quot;'>
        <b:if cond='data:blog.pageType != &quot;static_page&quot;'>
          <b:if cond='data:post.allowComments'>
            <b:if cond='data:post.numComments != 0'>
              <a class='comment-link' expr:href='data:post.addCommentUrl' expr:onclick='data:post.addCommentOnclick'><b:if cond='data:post.numComments == 1'>1 <data:top.commentLabel/><b:else/><data:post.numComments/> <data:top.commentLabelPlural/></b:if></a>
            </b:if>
          </b:if>
        </b:if>
      </b:if>
    </div>
  </div>
</b:includable>
<b:includable id='feedLinksBody' var='links'>
  <div class='feed-links'>
  <data:feedLinksMsg/>
  <b:loop values='data:links' var='f'>
     <a class='feed-link' expr:href='data:f.url' expr:type='data:f.mimeType' target='_blank'><data:f.name/> (<data:f.feedType/>)</a>
  </b:loop>
  </div>
</b:includable>
<b:includable id='comments' var='post'>
  <div class='comments' id='comments'>
    <a name='comments'/>
    <b:if cond='data:post.allowComments'>
      <h4>
        <b:if cond='data:post.numComments == 1'>
          1 <data:commentLabel/>:
        <b:else/>
          <data:post.numComments/> <data:commentLabelPlural/>:
        </b:if>
      </h4>

      <b:if cond='data:post.commentPagingRequired'>
        <span class='paging-control-container'>
          <a expr:class='data:post.oldLinkClass' expr:href='data:post.oldestLinkUrl'><data:post.oldestLinkText/></a>
          &#160;
          <a expr:class='data:post.oldLinkClass' expr:href='data:post.olderLinkUrl'><data:post.olderLinkText/></a>
          &#160;
          <data:post.commentRangeText/>
          &#160;
          <a expr:class='data:post.newLinkClass' expr:href='data:post.newerLinkUrl'><data:post.newerLinkText/></a>
          &#160;
          <a expr:class='data:post.newLinkClass' expr:href='data:post.newestLinkUrl'><data:post.newestLinkText/></a>
        </span>
      </b:if>

      <dl expr:class='data:post.avatarIndentClass' id='comments-block'>
        <b:loop values='data:post.comments' var='comment'>
          <dt expr:class='&quot;comment-author &quot; + data:comment.authorClass' expr:id='data:comment.anchorName'>
            <b:if cond='data:comment.favicon'>
              <img expr:src='data:comment.favicon' height='16px' style='margin-bottom:-2px;' width='16px'/>
            </b:if>
            <a expr:name='data:comment.anchorName'/>
            <b:if cond='data:blog.enabledCommentProfileImages'>
              <data:comment.authorAvatarImage/>
            </b:if>
            <b:if cond='data:comment.authorUrl'>
              <a expr:href='data:comment.authorUrl' rel='nofollow'><data:comment.author/></a>
            <b:else/>
              <data:comment.author/>
            </b:if>
            <data:commentPostedByMsg/>
          </dt>
          <dd class='comment-body'>
            <b:if cond='data:comment.isDeleted'>
              <span class='deleted-comment'><data:comment.body/></span>
            <b:else/>
              <p><data:comment.body/></p>
            </b:if>
          </dd>
          <dd class='comment-footer'>
            <span class='comment-timestamp'>
              <a expr:href='data:comment.url' title='comment permalink'>
                <data:comment.timestamp/>
              </a>
              <b:include data='comment' name='commentDeleteIcon'/>
            </span>
          </dd>
        </b:loop>
      </dl>

      <b:if cond='data:post.commentPagingRequired'>
        <span class='paging-control-container'>
          <a expr:class='data:post.oldLinkClass' expr:href='data:post.oldestLinkUrl'>
            <data:post.oldestLinkText/>
          </a>
          <a expr:class='data:post.oldLinkClass' expr:href='data:post.olderLinkUrl'>
            <data:post.olderLinkText/>
          </a>
          &#160;
          <data:post.commentRangeText/>
          &#160;
          <a expr:class='data:post.newLinkClass' expr:href='data:post.newerLinkUrl'>
            <data:post.newerLinkText/>
          </a>
          <a expr:class='data:post.newLinkClass' expr:href='data:post.newestLinkUrl'>
            <data:post.newestLinkText/>
          </a>
        </span>
      </b:if>

      <p class='comment-footer'>
        <b:if cond='data:post.embedCommentForm'>
          <b:if cond='data:post.allowNewComments'>
            <b:include data='post' name='comment-form'/>
          <b:else/>
            <data:post.noNewCommentsText/>
          </b:if>
        <b:else/>
          <b:if cond='data:post.allowComments'>
            <a expr:href='data:post.addCommentUrl' expr:onclick='data:post.addCommentOnclick'><data:postCommentMsg/></a>
          </b:if>
        </b:if>

      </p>
    </b:if>

    <div id='backlinks-container'>
    <div expr:id='data:widget.instanceId + &quot;_backlinks-container&quot;'>
       <b:if cond='data:post.showBacklinks'>
         <b:include data='post' name='backlinks'/>
       </b:if>
    </div>
    </div>
  </div>
</b:includable>
</b:widget>
</b:section>
      </div>

       <div id='sidebar-wrapper'>
        <b:section class='sidebar' id='sidebar' preferred='yes'>
<b:widget id='Profile1' locked='false' title='About Me' type='Profile'>
<b:includable id='main'>
    <b:if cond='data:title != &quot;&quot;'>
      <h2><data:title/></h2>
    </b:if>
    <div class='widget-content'>
    <b:if cond='data:team == &quot;true&quot;'> <!-- team blog profile -->
      <ul>
        <b:loop values='data:authors' var='i'>
          <li><a expr:href='data:i.userUrl'><data:i.display-name/></a></li>
        </b:loop>
      </ul>

      <b:else/> <!-- normal blog profile -->

      <b:if cond='data:photo.url != &quot;&quot;'>
        <a expr:href='data:userUrl'><img class='profile-img' expr:alt='data:photo.alt' expr:height='data:photo.height' expr:src='data:photo.url' expr:width='data:photo.width'/></a>
      </b:if>

      <dl class='profile-datablock'>
        <dt class='profile-data'><data:displayname/></dt>

        <b:if cond='data:showlocation == &quot;true&quot;'>
          <dd class='profile-data'><data:location/></dd>
        </b:if>

        <b:if cond='data:aboutme != &quot;&quot;'><dd class='profile-textblock'><data:aboutme/></dd></b:if>
      </dl>
      <a class='profile-link' expr:href='data:userUrl'><data:viewProfileMsg/></a>
    </b:if>

     <b:include name='quickedit'/>
    </div>
  </b:includable>
</b:widget>
<b:widget id='Followers1' locked='false' title='Followers' type='Followers'>
<b:includable id='main'>
  <b:if cond='data:title != &quot;&quot;'>
    <b:if cond='data:codeSnippet != &quot;&quot;'>
      <h2 class='title'><data:title/></h2>
    <b:else/>
      <b:if cond='data:totalFollowerCount != &quot;&quot;'>
        <h2 class='title'><data:title/> (<data:totalFollowerCount/>)</h2>
      </b:if>
    </b:if>  
  </b:if>
  <div class='widget-content'>
    <div expr:id='data:widget.instanceId + &quot;-wrapper&quot;'>
      <b:if cond='data:codeSnippet != &quot;&quot;'>
        <div style='margin-right:2px;'>
          <data:codeSnippet/>
        </div>
      <b:else/>
        <b:if cond='data:totalFollowerCount == &quot;&quot;'>
          <span class='item-control following-not-admin'>
            <b><data:failureSnippet/></b>
          </span>
          <span class='item-control blog-admin'>
            <b><data:adminFailureSnippet/></b>
          </span>
        <b:else/>
          <b:if cond='data:followingLinkPresent'>
            <div class='follow-this profile-link item-control following-follow-this'>
              <a expr:href='&quot;javascript:_FollowersView._openPopup(\&quot;&quot; + data:followUri + &quot;\&quot;);&quot;'>
                <data:followThisMessage/>
              </a>
            </div>
            <div class='follow-this profile-link item-control following-stop-following-this'>
              <a expr:href='&quot;javascript:_FollowersView._openPopup(\&quot;&quot; + data:followUri + &quot;\&quot;);&quot;'>
                <data:stopFollowingMessage/>
              </a>
            </div>
          </b:if>
  
          <div class='followers-grid'>
            <b:if cond='data:totalFollowerCount == 0'>
              <div class='profile-link item-control following-follow-this'>
                <data:emptyFollowersMessage/>
              </div>
            </b:if>
            <!--
            Relies on the js written out in navbar.gxp
            -->
            <b:loop values='data:followers' var='follower'>
              <div class='follower'>
                <a expr:href='data:follower.profileUrl' expr:title='data:follower.displayName' rel='nofollow'>
                <img class='follower-img' expr:alt='data:follower.displayName' expr:height='data:follower.imageHeight' expr:onerror='&quot;this.onerror=null;this.src=\&quot;&quot; + data:anonFollowerImageUrl + &quot;\&quot;;&quot;' expr:onload='&quot;setAttributeOnload(this, \&quot;src\&quot;, \&quot;&quot; + data:follower.imageUrl + &quot;\&quot;)&quot;' expr:width='data:follower.imageWidth' src='http://img1.blogblog.com/img/blank.gif'/>
                </a>
              </div>
            </b:loop>
            <div class='clear'/>
          </div>
  
          <div class='followers-canvas profile-link'>
            <data:followersFooterMessage/>
            <span class='item-control following-not-admin'>
              <a expr:href='data:followersUri'>
                <data:viewAllMessage/>
              </a>
            </span>
            <span class='item-control blog-admin'>
              <a expr:href='data:manageFollowersUri'>
                <data:manageFollowersMessage/>
              </a>
            </span>
          </div>
          </b:if>
      </b:if>
    </div>
    <b:include name='quickedit'/>
  </div>
</b:includable>
</b:widget>
<b:widget id='Slideshow1' locked='false' title='Slideshow' type='Slideshow'>
<b:includable id='main'>
  <!-- only display title if it's non-empty -->
  <b:if cond='data:title != &quot;&quot;'>
    <h2 class='title'><data:title/></h2>
  </b:if>

  <div class='widget-content'>
    <div class='slideshow-container' expr:id='data:widget.instanceId + &quot;_slideshow&quot;'>
      <span class='slideshow-status'>Loading...</span>
    </div>
  </div>

  <b:include name='quickedit'/>
</b:includable>
</b:widget>
<b:widget id='Attribution1' locked='false' title='' type='Attribution'>
<b:includable id='main'>
    <b:if cond='data:feedbackSurveyLink'>
      <div class='mobile-survey-link' style='text-align: center;'>
        <data:feedbackSurveyLink/>
      </div>
    </b:if>

    <div class='widget-content' style='text-align: center;'>
      <b:if cond='data:attribution != &quot;&quot;'>
       <data:attribution/>
      </b:if>
    </div>

    <b:include name='quickedit'/>
  </b:includable>
</b:widget>
</b:section>
<div id='2columns'>
<div class='col-left'>
<b:section class='sidebar' id='sidebar2' preferred='yes'>
<b:widget id='Label1' locked='false' title='Labels' type='Label'>
<b:includable id='main'>
  <b:if cond='data:title'>
    <h2><data:title/></h2>
  </b:if>
  <div expr:class='&quot;widget-content &quot; + data:display + &quot;-label-widget-content&quot;'>
    <b:if cond='data:display == &quot;list&quot;'>
      <ul>
      <b:loop values='data:labels' var='label'>
        <li>
          <b:if cond='data:blog.url == data:label.url'>
            <span expr:dir='data:blog.languageDirection'><data:label.name/></span>
          <b:else/>
            <a expr:dir='data:blog.languageDirection' expr:href='data:label.url'><data:label.name/></a>
          </b:if>
          <b:if cond='data:showFreqNumbers'>
            <span dir='ltr'>(<data:label.count/>)</span>
          </b:if>
        </li>
      </b:loop>
      </ul>
    <b:else/>
      <b:loop values='data:labels' var='label'>
        <span expr:class='&quot;label-size label-size-&quot; + data:label.cssSize'>
          <b:if cond='data:blog.url == data:label.url'>
            <span expr:dir='data:blog.languageDirection'><data:label.name/></span>
          <b:else/>
            <a expr:dir='data:blog.languageDirection' expr:href='data:label.url'><data:label.name/></a>
          </b:if>
          <b:if cond='data:showFreqNumbers'>
            <span class='label-count' dir='ltr'>(<data:label.count/>)</span>
          </b:if>
        </span>
      </b:loop>
    </b:if>
    <b:include name='quickedit'/>
  </div>
</b:includable>
</b:widget>
</b:section>
</div>
<div class='col-right'>
<b:section class='sidebar' id='sidebar3' preferred='yes'>
<b:widget id='BlogArchive1' locked='false' title='Blog Archive' type='BlogArchive'>
<b:includable id='toggle' var='interval'>
  <b:if cond='data:interval.toggleId'>
  <b:if cond='data:interval.expclass == &quot;expanded&quot;'>
    <a class='toggle' href='javascript:void(0)'>
      <span class='zippy toggle-open'>&#9660;&#160;</span>
    </a>
  <b:else/>
    <a class='toggle' href='javascript:void(0)'>
      <span class='zippy'>
        <b:if cond='data:blog.languageDirection == &quot;rtl&quot;'>
          &#9668;&#160;
        <b:else/>
          &#9658;&#160;
        </b:if>
      </span>
    </a>
  </b:if>
 </b:if>
</b:includable>
<b:includable id='interval' var='intervalData'>
  <b:loop values='data:intervalData' var='i'>
      <ul>
        <li expr:class='&quot;archivedate &quot; + data:i.expclass'>
          <b:include data='i' name='toggle'/>
          <a class='post-count-link' expr:href='data:i.url'><data:i.name/></a>
            <span class='post-count' dir='ltr'>(<data:i.post-count/>)</span>
          <b:if cond='data:i.data'>
            <b:include data='i.data' name='interval'/>
          </b:if>
          <b:if cond='data:i.posts'>
            <b:include data='i.posts' name='posts'/>
          </b:if>
        </li>
      </ul>
  </b:loop>
</b:includable>
<b:includable id='menu' var='data'>
  <select expr:id='data:widget.instanceId + &quot;_ArchiveMenu&quot;'>
    <option value=''><data:title/></option>
    <b:loop values='data:data' var='i'>
      <option expr:value='data:i.url'><data:i.name/> (<data:i.post-count/>)</option>
    </b:loop>
  </select>
</b:includable>
<b:includable id='flat' var='data'>
  <ul>
    <b:loop values='data:data' var='i'>
      <li class='archivedate'>
        <a expr:href='data:i.url'><data:i.name/></a> (<data:i.post-count/>)
      </li>
    </b:loop>
  </ul>
</b:includable>
<b:includable id='posts' var='posts'>
  <ul class='posts'>
    <b:loop values='data:posts' var='i'>
      <li><a expr:href='data:i.url'><data:i.title/></a></li>
    </b:loop>
  </ul>
</b:includable>
<b:includable id='main'>
  <b:if cond='data:title'>
    <h2><data:title/></h2>
  </b:if>
  <div class='widget-content'>
  <div id='ArchiveList'>
  <div expr:id='data:widget.instanceId + &quot;_ArchiveList&quot;'>
    <b:if cond='data:style == &quot;HIERARCHY&quot;'>
     <b:include data='data' name='interval'/>
    </b:if>
    <b:if cond='data:style == &quot;FLAT&quot;'>
      <b:include data='data' name='flat'/>
    </b:if>
    <b:if cond='data:style == &quot;MENU&quot;'>
      <b:include data='data' name='menu'/>
    </b:if>
  </div>
  </div>
  <b:include name='quickedit'/>
  </div>
</b:includable>
</b:widget>
</b:section>
</div></div>
      </div>

      <!-- spacer for skins that want sidebar and main to be the same height-->
      <div class='clear'>&#160;</div>

    </div> <!-- end content-wrapper -->

   

  </div></div> <!-- end outer-wrapper -->
<div id='footer-bg'>
<div id='footer'>
<!-- Remmeber!!! This free Blogger template is licensed under the Creative Commons Attribution 3.0 License. You are required to keep the footer links intact which provides due credit to its Author and Supporters. If you have plan to remove any link, its better for you, not to use the template. [DMCA / Blogger] -->
 <div class='first-links'> Copyright (c) 2010 <a expr:href='data:blog.homepageUrl'><data:blog.title/></a>.
Designed by <a href='http://onlinejogos.net/' target='_blank' title='Jogos Online Gratis'>Jogos Online Gratis</a>
</div> 
 

</div></div></div>
   
</body>
</html>